Code PCT,Spécialité,DCI
101636,DIAMOX Comp 250mg Bt 24,ACETAZOLAMIDE
103644,ASPEGIC Fl inj 1gr Bt 6+6,ACETYLSALICYLATE DE LYSINE
302264,ASPEGIC Pdre P Sol Or   250 MG BT 16,ACETYLSALICYLATE DE LYSINE
302265,ASPEGIC Pdre P Sol Or  500 MG BT 16,ACETYLSALICYLATE DE LYSINE
302283,ASPEGIC Pdre P Sol Orle 100 MG BT 30,ACETYLSALICYLATE DE LYSINE
300069,ASPEGIC Pdre/Sol Or 1000mg Sach Bt 20,ACETYLSALICYLATE DE LYSINE
302354,KARDEGIC Pdre P Sol Or 160 MG BT 30 Sachets,ACETYLSALICYLATE DE LYSINE
104121,NALIDIX Comp 500mg Bt 56,ACIDE NALIDIXIQUE
100067,ATEPADENE Gélule 30mg Bt 30,ADENOSINE
103603,UN-ALFA Caps 1µgr Bt 30,ALFACALCIDOL
300518,MAXILASE SIROP 20000UI/100ml Fl 125ml,ALPHA-AMYLASE
301056,MAXILLASE 3000 UI Comp Enr Bt 24,ALPHA-AMYLASE
104790,XANAX Gttes Buv 0.75MG/ML FL 20 ML,ALPRAZOLAM
104791,XANAX RETARD Comp LP 0.5 MG  Bt 30,ALPRAZOLAM
103375,XANAX RETARD Comp LP 1mg  Bt 30,ALPRAZOLAM
103487,CADUET Comp Pell  5mg/10mg Bt 30,AMLODIPINE+ATORVASTATINE
103486,CADUET Comp Pell 10mg/10mg Bt 30,AMLODIPINE+ATORVASTATINE
301080,AMOXICILLINE SANOFI (EX AMOXICILLINE  ZENTIVA (ex WINTHROP)) 250 mg/5ml Pdre Sus Or Fl 60 ml)+ CuilD,AMOXICILLINE
302335,AMOXICILLINE SANOFI 1 gr COMP DISP BT 12 (EX AMOXICILLINE ZENTIVA Comp Disp 1GR BT 12),AMOXICILLINE
301165,AMOXICILLINE SANOFI 500 mg GEL. BT 24 (EX AMOXICILLINE  ZENTIVA ( ex  WINTHROP )Gelule 500MG  Bt 24),AMOXICILLINE
301079,AMOXICILLINE SANOFI(EX AMOXICILLINE  ZENTIVA(ex WINTHROP )) 500 mg/5ml Pdre P Sus Or Fl 60 ml+CuillD,AMOXICILLINE
301324,AMOXI-CLAV  SANOFI (EX ZENTIVA )  Pdre Susp Or  1000mg /125mg Bt 12 Sachets,AMOXICILLINE+ACIDE CLAVULANIQUE
301974,AMOXI-CLAV SANOFI  AD (EX ZENTIVA) Comp Pell  500 MG/62.5 MG  BT 24,AMOXICILLINE+ACIDE CLAVULANIQUE
301177,AMOXI-CLAV SANOFI Enf (EX ZENTIVA ) 100mg/12.5mg/ml Pdre Sus Or Fl 60 ml,AMOXICILLINE+ACIDE CLAVULANIQUE
302329,AMOXI-CLAV SANOFI (EX ZENTIVA)  Pdre P susp Or 1000mg/125 MG BT 24 Sachets,AMOXICILLINE+ACIDE CLAVULANIQUE
301176,AMOXI-CLAV SANOFI Nourr (EX ZENTIVA) Nour 100mg/12.5mg/ml Pdre Sus Or Fl 30 ml,AMOXICILLINE+ACIDE CLAVULANIQUE
103429,TENORDATE  Gelule  Bt 30,ATENOLOL+NIFEDIPINE
103416,TAHOR Comp Pell 80 mg Bt 28,ATORVASTATINE
104311,ENTEROGERMINA  2 milliards /5 ml Sus Buv Bt 10 Fl,BACILLUS CLAUSII SPORES POLYANTIBIO-RESISTANTS
104868,ENTEROGERMINA 2 milliards/5 ml  Sus Buv Bt 20Fl/5ml,BACILLUS CLAUSII SPORES POLYANTIBIO-RESISTANTS
101488,CELESTENE CHRONODOSE Amp inj 1ml Bt 1,BETAMETHASONE
102766,LUMIGAN 0.3 mg/ml collyre FL/3 ml,BIMATOPROST
300519,RHINATHIOL Sirop 2% Enf. Fl 125ml,CARBOCISTEINE
300520,RHINATHIOL Sirop 5% Ad. Fl 300ml,CARBOCISTEINE
307226,URBANYL Comp Sec 10mg Bt 30,CLOBAZAM
102212,AERIUS 5mg Comp Pell Bt 15,DESLORATADINE
106562,MINIRIN Spray 10 µg / dose (Solution Endonasale 0.1mg/ml)  Fl 2.5ml (25 doses),DESMOPRESSINE
103334,CARDULAR PP URO 4mg Comp LP Bt 28,DOXAZOSINE
102779,DICYNONE Amp inj 250mg 2ml Bt 6,ETAMSYLATE
100444,DICYNONE Comp 250mg Bt 20,ETAMSYLATE
100445,DICYNONE Comp 500mg Bt 20,ETAMSYLATE
502106,"DUROGESIC TTD 7,5mg/30cm² Bt 5",FENTANYL
101168,TELFAST Comp enr 120mg Bt 15,FEXOFENADINE
101169,TELFAST Comp enr 180mg Bt 15,FEXOFENADINE
108451,CHIBRO PROSCAR Comp pel 5mg Bt 28,FINASTERIDE
307198,LASILIX Comp 40mg Bt 20,FUROSEMIDE
104560,NEURONTIN Comp Pell Sec 600 MG BT 50,GABAPENTINE
104879,GINKOR FORT Gél Bt 30,GINKGO BILOBA+TROXERUTINE+HEPTAMINOL
307195,DAONIL Comp 5mg  Bt 20,GLIBENCLAMIDE
307196,DAONIL Comp 5mg Bt 100,GLIBENCLAMIDE
103884,NORMACOL LAVEMENT Sol Rectale Fl 130ml,GOMME DE STERCULIA
101701,ATARAX Sirop 10mg/5ml Fl 200ml,HYDROXYZINE
302853,ARAVEN IC 150MG/5MG Comp Pell Bt 28,IRBESARTAN +AMLODIPINE
103727,MONICOR LP Gélule 20mg Bt 60,ISOSORBIDE MONONITRATE
105097,MONICOR LP Gélule 40mg Bt 30,ISOSORBIDE MONONITRATE
105096,MONICOR LP Gélule 60mg Bt 30,ISOSORBIDE MONONITRATE
300973,PROFENID Comp Pell 100mg Bt15,KETOPROFENE
307244,PROFENID Comp 100mg Bt 30,KETOPROFENE
308096,PROFENID Inj IM 100mg Bt 5/2ml,KETOPROFENE
301166,PROFENID LP Gelule 200mg Bt14,KETOPROFENE
104549,TRANDATE Comp Sec 200 MG BT 30,LABETALOL
103318,XALATAN 50µG/ml Collyre Fl 2.5 ml,LATANOPROST
102097,XALACOM collyre Fl 2.5 ml,LATANOPROST + TIMOLOL
106467,PENTASA Sol Rect 1gr/100ml Bt 5Fl,MESALAZINE
301315,METFORMINE  SANOFI (EX ZENTIVA) Comp Pell 1000 mg Bt 30,METFORMINE
301316,METFORMINE  SANOFI (ex ZENTIVA) 850 MG Comp Pell  BT 30,METFORMINE
100826,COLLYRE BLEU LAITER Collyre Fl 10ml,METHYLTHIONINIUM+NAPHAZOLINE NITRATE
300280,FLAGYL Comp 250mg Bt 20,METRONIDAZOLE
300756,BIRODOGYL comp.pell. Bt/10,METRONIDAZOLE+SPIRAMYCINE
300737,RODOGYL 750 MU/125 mg comp.pell.Bt/20,METRONIDAZOLE+SPIRAMYCINE
101995,NASONEX Susp Nas 50µg/Dose Fl 120Doses,MOMETASONE
104418,SINGULAIR  Comp à Croquer 5 mg Bt 28(ex SINGULAIR  JUNIOR),MONTELUKAST
104417,SINGULAIR Comp Pell 10 MG Bt 28,MONTELUKAST
103303,SINGULAIR Granulé LP 4 MG bT 28 Sachets,MONTELUKAST
105094,LOXEN Comp sec 20mg Bt 30,NICARDIPINE
105520,LOXEN LP 50mg Comp Séc Bt 60 (ex 100069),NICARDIPINE
103482,NICOPATCH  7 mg/24 h 17.5 mg/10 cm2 TT der Bt 28,NICOTINE
100945,NICOPATCH 10 Cm2    7mg/24H Bt 7,NICOTINE
103483,NICOPATCH 14MG/24H  35MG/20CM3 TT der Bt 28,NICOTINE
100946,NICOPATCH 20 Cm2  14 mg/24H Bt 7,NICOTINE
103484,NICOPATCH 21 MG/24H  52.5MG/30CM3 TT der Bt 28,NICOTINE
100947,NICOPATCH 30 Cm2  21mg/24H  Bt 7,NICOTINE
107447,DITROPAN Comp 5 mg Bt 60,OXYBUTYNINE
301052,DOLIPREX Pdre Sol Or Sachet  Bt 8,PARACETAMOL+VITAMINE C+PSEUDOEPHEDRINE
307562,TORENTAL Comp Ret. 400mg Bt 20,PENTOXYFYLLINE
104441,CALMIXENE SIROPFl 150 ML,PIMETHIXENE
107334,KLEAN PREP Pdre/Sol Or Bt 4sach,POLYETHYLENE GLYCOL
106918,KALEORID Comp 600mg Bt 30,POTASSIUM
102234,DETURGYLONE Spray Nasal 2.5mg/ml  Fl 10ml,PREDNISOLONE + OXYMETAZOLINE
103290,LYRICA Gelule 150mg Bt 56,PREGABALINE
104781,LYRICA Gelule 75 MG BT 56,PREGABALINE
103291,LYRICA Gelule 75mg Bt 14,PREGABALINE
102020,AZANTAC Comp eff 150mg Bt 30,RANITIDINE
101486,AZANTAC Comp eff 75mg Bt 14,RANITIDINE
102199,"NOVONORM Comp 0,5mg  Bt 30",REPAGLINIDE
102198,NOVONORM Comp 1mg Bt 30,REPAGLINIDE
105218,RESPIROX 4 mg COMP Bt 20,RISPERIDONE
101005,REQUIP Comp pell 5mg Bt 21,ROPINIROLE
101004,REQUIP Comp 0.5mg Bt 21,ROPINIROLE
301790,ROSUVASTATINE SANOFI 10 MG (EX ZENTIVA)  Comp Pell Sec  BT 30,ROSUVASTATINE
104264,ULTRA-LEVURE Gélule 200 mg  Fl 10,SACCHAROMYCES BOULARDII
104402,VIAGRA Comp Pell 25 MG Bt 4,SILDENAFIL
104406,VIAGRA Comp Pell 50 MG BT 4,SILDENAFIL
104407,VIAGRA 100 MG Comp Pell Bt 4,SILDENAFIL
307259,COLTRAMYL Comp séc. 4mg Bt 12,THIOCOLCHICOSIDE
104177,DETRUSITOL RETARD Gelule LP 2 mg Bt 14,TOLTERODINE
104178,DETRUSITOL RETARD Gelule LP 4 mg Bt 14,TOLTERODINE
101099,NASACORT AQ 55µg Spray Nasal Fl 120,TRIAMCINOLONE
107101,DIAFUSOR 10 Timbre TransDerm 10mg Bt 30,TRINITRINE
107102,DIAFUSOR 5 Timbre TransDerm 5mg Bt 30,TRINITRINE
100565,UTEPLEX 2mg/ml Sol Buv Bt 45Amp/2ml,URIDINE-5' TRIPHOSPHORIQUE ACIDE
105435,EFEXOR XL 150mg Gél.à Libération Prolongée Bt 28,VENLAFAXINE
102316,"EFFEXOR GELULE LP 37,5mg Bt 30",VENLAFAXINE
103518,EFFEXOR LP Gelule 75 mg  Bt 30,VENLAFAXINE
103033,ZELDOX 40mg gélule Bt 30,ZIPRASIDONE