barcode,commercial_name,dci_name,public_price,purchase_price,vat_rate,cnam_reimbursable,cnam_rate,requires_prescription,therapeutic_class,current_stock
3100001,Paracetamol 500mg,Paracetamol,2.500,1.800,7,true,85,false,Antalgique,100
3100002,Doliprane 1g,Paracetamol,4.200,3.000,7,true,85,false,Antalgique,150
3100003,Amoxicilline 500mg,Amoxicilline,8.500,6.200,7,true,85,true,Antibiotique,80
3100004,Augmentin 1g,Amoxicilline + Acide Clavulanique,15.800,12.000,7,true,85,true,Antibiotique,60
3100005,Aspirine 100mg,Acide Acétylsalicylique,3.200,2.100,7,true,85,false,Antiagrégant,120
3100006,Ventoline Spray,Salbutamol,12.500,9.500,7,true,100,true,Bronchodilatateur,45
3100007,Seretide 250,Fluticasone + Salmétérol,85.000,68.000,7,true,100,true,Antiasthmatique,25
3100008,Doliprane Sirop,Paracetamol,5.800,4.200,7,true,85,false,Antalgique Pediatrique,90
3100009,Advil 400mg,Ibuprofène,6.500,4.800,7,true,85,false,Anti-inflammatoire,110
3100010,Voltarene 50mg,Diclofénac,8.900,6.500,7,true,85,true,Anti-inflammatoire,75
3100011,Efferalgan Vitamine C,Paracetamol + Vitamine C,5.200,3.800,7,false,0,false,Antalgique,95
3100012,Betadine Solution,Povidone Iodée,4.500,3.200,7,false,0,false,Antiseptique,130
3100013,Gaviscon Suspension,Alginate de Sodium,7.800,5.600,7,true,85,false,Antiacide,70
3100014,Spasfon 80mg,Phloroglucinol,9.200,6.800,7,true,85,false,Antispasmodique,85
3100015,Lyrica 75mg,Prégabaline,45.000,35.000,7,true,100,true,Antiépileptique,30
3100016,Lexomil 6mg,Bromazépam,8.500,6.200,7,true,85,true,Anxiolytique,50
3100017,Deroxat 20mg,Paroxétine,32.000,25.000,7,true,100,true,Antidépresseur,40
3100018,Concor 5mg,Bisoprolol,18.500,14.000,7,true,100,true,Bêtabloquant,55
3100019,Crestor 10mg,Rosuvastatine,28.000,22.000,7,true,85,true,Hypolipémiant,45
3100020,Glucophage 850mg,Metformine,6.800,5.000,7,true,100,true,Antidiabétique,95
